{
  "project_root": "hotel_booking",
  "structure": {
    "app": {
      "models": [
        "hotel.py",
        "booking.py"
      ],
      "routes": [
        "hotel_routes.py",
        "booking_routes.py"
      ],
      "services": [
        "hotel_service.py",
        "booking_service.py"
      ],
      "repositories": [
        "hotel_repository.py",
        "booking_repository.py"
      ],
      "utils": [
        "hotel_utils.py",
        "booking_utils.py"
      ],
      "__init__.py": []
    },
    "tests": {
      "unit": [
        "test_hotel.py",
        "test_booking.py"
      ],
      "integration": [
        "test_hotel_routes.py",
        "test_booking_routes.py"
      ]
    },
    "config": [
      "config.py"
    ],
    "requirements": [
      "requirements.txt"
    ],
    "run.py": []
  }
}